{ 
    "name": "bus-connector", 
    "config": 
    { 
        "connector.class": "io.debezium.connector.mysql.MySqlConnector", 
        "tasks.max": "1", 
        "database.hostname": "mysql", 
        "database.port": "3306", 
        "database.user": "root", 
        "database.password": "debezium", 
        "database.server.id": "184054", 
        "database.server.name": "dbserver1", 
        "database.include.list": "demo", 
        "database.history.kafka.bootstrap.servers":"kafka:9092",
        "database.history.kafka.topic": "dbhistory.demo",
        "linger.ms": "5"
    } 
} 